{
  "validation": {
    "target_price_7d": {
      "rmse": 271.6631178242253,
      "mae": 92.16885648202205,
      "r2": 0.9926092369605153
    },
    "target_price_30d": {
      "rmse": 459.5181437979457,
      "mae": 206.49042270246508,
      "r2": 0.9809002602516742
    }
  },
  "test": {
    "target_price_7d": {
      "rmse": 312.1084334262356,
      "mae": 142.83367916401613,
      "r2": 0.9930484019209866
    },
    "target_price_30d": {
      "rmse": 375.85274862148435,
      "mae": 178.5390884221699,
      "r2": 0.990014208559909
    }
  },
  "training_rows": 28080,
  "validation_rows": 6000,
  "test_rows": 6120
}